{
  "id": "bc0123d7-f574-9449-f5d7-463406739a79",
  "name": "FCC Search API Example Environment",
  "values": [
    {
      "key": "base_uri",
      "value": "https://fccpublicsearch.herokuapp.com",
      "type": "text",
      "enabled": true
    },
    {
      "key": "index-name",
      "value": "fccnn",
      "type": "text",
      "enabled": true
    },
    {
      "key": "document-type",
      "value": "article",
      "type": "text",
      "enabled": true
    },
    {
      "key": "search-terms",
      "value": "police",
      "type": "text",
      "enabled": true
    },
    {
      "key": "document-id",
      "value": "4104775",
      "type": "text",
      "enabled": true
    },
    {
      "key": "domain-id",
      "value": "15",
      "type": "text",
      "enabled": true
    },
    {
      "key": "size",
      "value": "10",
      "type": "text",
      "enabled": true
    },
    {
      "key": "localhost",
      "value": "http://localhost:3000",
      "type": "text",
      "enabled": true
    },
    {
      "key": "",
      "value": "",
      "type": "text",
      "enabled": true
    }
  ],
  "timestamp": 1474604736146,
  "_postman_variable_scope": "environment",
  "_postman_exported_at": "2016-09-23T04:25:40.424Z",
  "_postman_exported_using": "Postman/4.7.1"
}